"State","Area.Code","Phone","Account.Length","VMail.Message","Day.Mins","Eve.Mins","Night.Mins","Intl.Mins","CustServ.Calls","Intl.Plan","VMail.Plan","Day.Calls","Day.Charge","Eve.Calls","Eve.Charge","Night.Calls","Night.Charge","Intl.Calls","Intl.Charge","Churn"
"OK",415,3306626,75,0,166.7,148.3,186.9,10.1,3,1,0,113,28.34,122,12.61,121,8.41,3,2.73,"0"
"WV",415,3308173,141,37,258.6,222,326.4,11.2,0,1,1,84,43.96,111,18.87,97,14.69,5,3.02,"0"
"RI",415,3449403,74,0,187.7,163.4,196,9.1,0,0,0,127,31.91,148,13.89,94,8.82,5,2.46,"0"
"MT",510,3948006,95,0,156.6,247.6,192.3,12.3,3,0,0,88,26.62,75,21.05,115,8.65,5,3.32,"0"
"ID",408,3508884,85,27,196.4,280.9,89.3,13.8,1,0,1,139,33.39,90,23.88,75,4.02,4,3.73,"0"
"VT",510,3862923,93,0,190.7,218.2,129.6,8.1,3,0,0,114,32.42,111,18.55,121,5.83,3,2.19,"0"
"FL",415,3965800,147,0,155.1,239.7,208.8,10.6,0,0,0,117,26.37,93,20.37,133,9.4,4,2.86,"0"
"HI",510,4107789,49,0,119.3,215.1,178.7,11.1,1,0,0,117,20.28,109,18.28,90,8.04,1,3,"0"
"AK",415,4021381,136,33,203.9,187.6,101.7,10.5,3,1,1,106,34.66,99,15.95,107,4.58,6,2.84,"0"
"NJ",408,3329891,149,0,140.4,271.8,188.3,11.1,1,0,0,94,23.87,92,23.1,108,8.47,9,3,"0"
"WI",510,3521237,64,0,154,225.8,265.3,3.5,1,0,0,67,26.18,118,19.19,86,11.94,3,0.95,"0"
"IA",408,4134957,52,0,191.9,269.8,236.8,7.8,3,0,0,108,32.62,96,22.93,87,10.66,5,2.11,"0"
"SD",408,3328160,149,28,180.7,187.8,265.5,12.6,3,0,1,92,30.72,64,15.96,53,11.95,3,3.4,"0"
"WA",415,3528305,40,41,148.1,169.5,214.1,6.2,2,0,1,74,25.18,88,14.41,102,9.63,5,1.67,"0"
"NM",510,4152935,147,0,248.6,148.9,172.5,8,3,0,0,83,42.26,85,12.66,109,7.76,4,2.16,"0"
"NV",415,3994246,90,0,203.4,226.7,152.4,7.3,1,0,0,146,34.58,117,19.27,105,6.86,4,1.97,"0"
"DC",415,3745353,82,0,300.3,181,270.1,11.7,0,0,0,109,51.05,100,15.39,73,12.15,4,3.16,"1"
"LA",415,3341275,155,0,203.4,190.9,196,8.9,0,0,0,100,34.58,104,16.23,119,8.82,4,2.4,"1"
"ME",415,4009510,78,0,252.9,178.4,263.9,9.5,3,0,0,93,42.99,112,15.16,105,11.88,7,2.57,"0"
"MT",415,3703450,73,0,160.1,213.3,174.1,13,0,0,0,110,27.22,72,18.13,72,7.83,4,3.51,"0"
"ID",415,3629748,77,0,251.8,205.7,275.2,9.8,2,0,0,72,42.81,126,17.48,109,12.38,7,2.65,"1"
"AZ",408,3342577,95,0,238.1,187.2,190,11.8,4,0,0,65,40.48,98,15.91,115,8.55,4,3.19,"0"
"NV",415,3556837,74,0,282.5,219.9,170,9.4,1,0,0,114,48.03,48,18.69,115,7.65,4,2.54,"1"
"ID",408,3283266,97,0,239.8,214.8,143.3,8.7,2,0,0,125,40.77,111,18.26,81,6.45,5,2.35,"0"
"MS",510,4148718,61,27,187.5,146.6,225.7,6.4,4,0,1,124,31.88,103,12.46,129,10.16,6,1.73,"1"
"NE",415,3536870,90,0,145.5,217.7,146.9,10.9,3,0,0,92,24.74,114,18.5,123,6.61,2,2.94,"0"
"CA",408,3552909,75,0,166.3,158.2,256.7,6.1,1,0,0,125,28.27,86,13.45,80,11.55,5,1.65,"0"
"AL",510,3872919,91,0,129.9,173.3,247.2,11.2,3,1,0,112,22.08,83,14.73,130,11.12,3,3.02,"0"
"IA",408,3955285,113,0,193.8,221.4,172.3,10.6,1,0,0,99,32.95,125,18.82,67,7.75,6,2.86,"0"
"LA",408,4013926,151,0,178.7,292.1,265.9,9.8,0,0,0,116,30.38,138,24.83,101,11.97,4,2.65,"0"
"IA",510,4064710,141,36,187.5,241.4,229.5,10.5,3,0,1,99,31.88,116,20.52,105,10.33,5,2.84,"0"
"OK",415,3354584,146,0,206.3,148.6,167.2,6.1,1,0,0,151,35.07,89,12.63,91,7.52,3,1.65,"0"
"AZ",408,3907434,94,38,170.1,193.3,105.9,12.8,1,0,1,124,28.92,116,16.43,73,4.77,4,3.46,"0"
"OR",415,3975060,65,0,116.8,178.9,182.4,14.1,1,0,0,87,19.86,93,15.21,150,8.21,2,3.81,"0"
"MN",415,4092111,62,0,147.1,190.4,195.2,12.2,0,0,0,91,25.01,107,16.18,115,8.78,3,3.29,"0"
"NY",408,4052888,67,36,115.6,237.7,169.9,9.9,2,0,1,111,19.65,94,20.2,103,7.65,12,2.67,"0"
"WY",510,3734819,164,0,160.6,163.2,187.1,9,1,0,0,111,27.3,126,13.87,112,8.42,3,2.43,"0"
"CO",415,4184365,107,0,133.8,180.5,112.2,8.9,0,0,0,85,22.75,94,15.34,115,5.05,4,2.4,"0"
"MI",510,3671062,105,0,140.6,178.6,217,6.8,2,0,0,109,23.9,51,15.18,83,9.76,3,1.84,"0"
"WA",415,3418467,157,0,152.7,257.5,198.1,9.4,1,0,0,105,25.96,80,21.89,93,8.91,4,2.54,"0"
"LA",415,3379345,93,0,179.3,178.6,225.2,11.5,3,0,0,93,30.48,98,15.18,131,10.13,6,3.11,"0"
"FL",415,3286770,93,0,151.4,186.4,172.5,10.9,0,0,0,89,25.74,76,15.84,120,7.76,3,2.94,"0"
"WA",415,4226685,81,0,183.6,152.6,212.2,12.2,3,0,0,116,31.21,98,12.97,99,9.55,6,3.29,"0"
"TN",408,3361090,127,22,166,174.5,244.9,10.2,1,0,1,114,28.22,103,14.83,68,11.02,6,2.75,"0"
"MO",415,4026591,123,0,206.9,244.7,221.5,7.7,3,0,0,85,35.17,78,20.8,136,9.97,2,2.08,"0"
"KY",415,3785692,45,22,196.6,313.2,163.3,11.9,0,0,1,84,33.42,92,26.62,108,7.35,3,3.21,"0"
"NV",415,3276179,53,0,168.8,220.3,154.3,10.9,0,0,0,97,28.7,87,18.73,113,6.94,2,2.94,"0"
"WV",408,3365616,85,0,225,176.9,194.3,7.1,3,0,0,81,38.25,63,15.04,110,8.74,2,1.92,"0"
"VA",408,3351697,108,0,198.5,267.8,354.9,9.4,0,0,0,99,33.75,60,22.76,75,15.97,3,2.54,"1"
"SC",408,3315138,22,0,110.3,166.5,202.3,9.5,0,0,0,107,18.75,93,14.15,96,9.1,5,2.57,"0"
"OR",415,3802558,33,29,157.4,117.9,279.2,13.9,4,0,1,99,26.76,80,10.02,79,12.56,11,3.75,"1"
"NJ",415,3652153,106,0,207.9,172,191.8,14.4,4,0,0,91,35.34,109,14.62,143,8.63,7,3.89,"0"
"IL",408,3342730,151,0,134.5,143.1,223.9,15.4,1,0,0,88,22.87,112,12.16,61,10.08,1,4.16,"0"
"WV",510,4176774,114,30,206.2,260,291.6,11.4,1,0,1,79,35.05,91,22.1,83,13.12,6,3.08,"0"
"AL",415,3316229,49,28,214.4,235.2,206.2,8,3,0,1,78,36.45,100,19.99,107,9.28,13,2.16,"0"
"MN",415,3692625,81,0,198.4,210.9,193.3,10.4,2,0,0,93,33.73,108,17.93,71,8.7,6,2.81,"0"
"KS",408,3528202,137,0,205.9,209.3,289.9,14.5,2,0,0,88,35,86,17.79,84,13.05,4,3.92,"0"
"WI",510,3556930,94,0,177.1,194,146.7,5.9,1,0,0,112,30.11,112,16.49,108,6.6,4,1.59,"0"
"DC",415,3711514,74,0,85.7,247.7,142.4,10.1,2,0,0,83,14.57,67,21.05,85,6.41,5,2.73,"0"
"FL",415,4161676,127,0,266.6,264.8,207.2,5.9,1,0,0,106,45.32,168,22.51,119,9.32,2,1.59,"1"
"GA",415,3819196,103,28,121,270.4,160.5,7.7,2,0,1,105,20.57,100,22.98,76,7.22,4,2.08,"0"
"MA",510,3307483,86,0,176.3,259.2,287.4,6.2,0,0,0,79,29.97,97,22.03,78,12.93,3,1.67,"0"
"GA",408,3595160,143,33,239.2,235.5,156.3,9.5,1,0,1,109,40.66,112,20.02,95,7.03,4,2.57,"0"
"AZ",510,3622314,158,0,205.2,240.6,79.7,14.4,0,0,0,97,34.88,77,20.45,108,3.59,12,3.89,"0"
"DE",510,3658779,108,0,169.6,264.1,206.3,9.3,0,0,0,99,28.83,87,22.45,78,9.28,4,2.51,"0"
"WA",415,3332611,55,0,194.1,176.6,302.8,7,2,0,0,121,33,110,15.01,136,13.63,7,1.89,"0"
"IN",408,3764300,98,21,64.6,176.1,244.8,0,2,0,1,98,10.98,86,14.97,84,11.02,0,0,"0"
"AR",408,4062752,79,0,152.2,177.2,96.4,5.3,1,0,0,112,25.87,132,15.06,87,4.34,3,1.43,"0"
"ME",415,3717917,31,0,166.1,79.3,213.7,12.7,1,0,0,105,28.24,93,6.74,98,9.62,2,3.43,"0"
"CA",408,3436374,124,0,244.6,188.8,206,11.3,1,1,0,89,41.58,80,16.05,114,9.27,4,3.05,"0"
"NC",415,3341872,112,0,193.3,264.1,128.6,9.1,4,0,0,96,32.86,123,22.45,115,5.79,3,2.46,"0"
"KS",415,3693214,132,0,83.4,232.2,146.7,7.6,1,0,0,110,14.18,137,19.74,114,6.6,5,2.05,"0"
"NM",408,3855722,56,0,197,222.8,225.3,10.6,2,0,0,110,33.49,102,18.94,91,10.14,6,2.86,"0"
"CA",415,3571909,151,0,218,114.4,269.2,12.4,0,1,0,57,37.06,88,9.72,95,12.11,1,3.35,"1"
"SD",510,3735732,137,0,242.1,191,218.6,14.7,3,0,0,118,41.16,93,16.24,50,9.84,2,3.97,"0"
"OK",415,3487437,97,0,151.6,155.4,240,14.7,1,0,0,107,25.77,96,13.21,112,10.8,4,3.97,"0"
"OR",415,3329460,149,0,176.2,145,249.5,5.7,0,1,0,87,29.95,81,12.33,92,11.23,4,1.54,"0"
"NH",510,3533351,54,0,210.5,204.5,127.8,8.5,1,0,0,102,35.79,83,17.38,53,5.75,5,2.3,"0"
"PA",510,3529017,112,0,217.1,205.2,185.7,9.4,2,0,0,76,36.91,100,17.44,91,8.36,3,2.54,"0"
"UT",408,4104023,96,26,145.8,192.2,165.1,9.9,1,0,1,108,24.79,89,16.34,96,7.43,2,2.67,"0"
"IL",415,3439658,21,0,146,109.7,247.4,6.8,0,0,0,78,24.82,79,9.32,108,11.13,7,1.84,"0"
"MN",510,3559581,51,0,259.9,176.2,77.2,15.3,1,0,0,114,44.18,94,14.98,112,3.47,1,4.13,"0"
"AR",510,4196033,135,27,273.4,154,245.8,12.3,1,0,1,141,46.48,99,13.09,112,11.06,6,3.32,"0"
"WI",408,3815878,85,0,165.4,196,349.2,9.6,2,1,0,107,28.12,126,16.66,110,15.71,7,2.59,"0"
"TX",510,3905470,70,0,59.5,257.2,208.3,11.1,0,0,0,103,10.12,106,21.86,86,9.37,6,3,"0"
"TX",510,4144803,88,0,138.3,236,179.1,9.6,3,0,0,116,23.51,138,20.06,110,8.06,4,2.59,"0"
"OH",408,4056189,97,0,256.4,273.9,222.7,11.1,1,0,0,125,43.59,100,23.28,101,10.02,1,3,"1"
"MA",415,4186737,88,0,264.8,245.4,160.5,14.8,1,0,0,124,45.02,112,20.86,115,7.22,2,4,"1"
"KY",408,3561420,54,0,159.8,264,115.7,9.7,2,0,0,99,27.17,64,22.44,70,5.21,7,2.62,"0"
"DC",415,3431323,11,28,190.6,220.1,180.3,6,3,0,1,86,32.4,122,18.71,80,8.11,3,1.62,"0"
"WA",415,3618239,109,0,184,120.4,153.7,11,0,0,0,120,31.28,119,10.23,86,6.92,3,2.97,"0"
"NV",408,3376898,91,0,133.7,195.3,280.5,5.9,0,0,0,75,22.73,87,16.6,89,12.62,2,1.59,"0"
"FL",510,3349505,132,36,226.2,181.6,258.8,10.5,3,0,1,103,38.45,125,15.44,102,11.65,5,2.84,"1"
"MD",415,3365702,112,0,170.4,200.2,258.3,11.6,1,0,0,103,28.97,71,17.02,100,11.62,4,3.13,"0"
"AZ",415,3922381,86,32,70.9,166.7,244.9,11.1,3,0,1,163,12.05,121,14.17,105,11.02,5,3,"0"
"UT",510,4063890,50,0,258.1,161.4,225.1,11.7,1,0,0,106,43.88,106,13.72,110,10.13,5,3.16,"0"
"AZ",408,3934086,140,0,149.8,164.4,294.7,8.1,1,0,0,134,25.47,98,13.97,124,13.26,2,2.19,"0"
"IA",415,3615277,130,0,150.4,230.5,186.3,12.3,1,0,0,119,25.57,99,19.59,76,8.38,4,3.32,"0"
"OH",415,4072248,136,31,143.1,236.6,227.8,11.4,2,0,1,88,24.33,65,20.11,120,10.25,5,3.08,"0"
"AL",408,4117778,60,29,265.9,215.8,108.1,14,0,1,1,113,45.2,94,18.34,82,4.86,12,3.78,"1"
"WI",408,4094791,41,0,202.9,153.8,113.5,9,3,0,0,97,34.49,104,13.07,92,5.11,3,2.43,"0"
"ID",415,3841833,46,0,124.8,157.3,199.3,8.6,2,0,0,133,21.22,143,13.37,72,8.97,4,2.32,"0"
"OK",415,4065059,125,36,201.3,42.2,125.7,5.4,1,0,1,117,34.22,78,3.59,104,5.66,3,1.46,"0"
"NE",408,4083532,194,0,48.4,281.1,218.5,18.2,1,0,0,101,8.23,138,23.89,87,9.83,1,4.91,"0"
"NC",415,3933300,26,0,234.5,216.5,191.6,3.5,3,0,0,109,39.87,129,18.4,94,8.62,6,0.95,"0"
"RI",510,3394317,95,27,129.5,248.9,268,11.9,1,0,1,106,22.02,90,21.16,115,12.06,3,3.21,"0"
"OK",408,3642495,121,31,237.1,205.6,196.7,10.1,4,0,1,63,40.31,117,17.48,85,8.85,5,2.73,"0"
"NJ",408,3361749,123,0,159.5,303.8,226.9,12,0,0,0,77,27.12,92,25.82,120,10.21,4,3.24,"0"
"CO",415,3789029,125,0,131.8,136.7,308.2,7.7,2,0,0,97,22.41,100,11.62,119,13.87,6,2.08,"0"
"RI",408,4224956,53,18,146.8,310,178.7,7.2,0,0,1,107,24.96,84,26.35,130,8.04,7,1.94,"0"
"IN",510,3291955,108,0,293,160.6,143.9,10,2,0,0,88,49.81,101,13.65,87,6.48,6,2.7,"0"
"NC",408,3443160,133,32,221.1,264.9,168.9,15.4,2,1,1,137,37.59,99,22.52,108,7.6,4,4.16,"1"
"WI",415,3557705,44,0,62.3,275,138.7,10.8,1,1,0,92,10.59,82,23.38,108,6.24,3,2.92,"0"
"IN",415,3536007,113,0,209.4,347.3,246,7.4,1,0,0,151,35.6,113,29.52,116,11.07,2,2,"1"
"WY",415,3715556,111,0,146.2,261.5,163.2,8.7,3,0,0,55,24.85,83,22.23,116,7.34,3,2.35,"0"
"NV",415,3807742,105,29,220.7,217.7,190.5,13.2,1,1,1,82,37.52,110,18.5,100,8.57,6,3.56,"1"
"FL",510,3347443,79,0,130.2,290.9,194.8,14,3,0,0,119,22.13,121,24.73,140,8.77,6,3.78,"0"
"ME",408,4029982,105,33,209.6,146.9,121,10.6,2,0,1,68,35.63,140,12.49,131,5.44,3,2.86,"0"
"MT",415,3619621,169,0,100.8,230,193.6,9.5,0,0,0,112,17.14,69,19.55,95,8.71,2,2.57,"0"
"CO",510,3288147,120,27,153.5,194,256.5,10.2,5,0,1,84,26.1,73,16.49,94,11.54,7,2.75,"0"
"WV",408,4059384,153,28,235.6,227.9,170.3,15.4,0,0,1,74,40.05,37,19.37,103,7.66,9,4.16,"0"
"CA",510,3414103,96,31,183.4,195.5,180.1,10.5,1,0,1,126,31.18,106,16.62,93,8.1,5,2.84,"0"
"MN",415,3976109,55,0,175.6,161.8,289.5,9.3,0,0,0,147,29.85,118,13.75,55,13.03,4,2.51,"0"
"MT",408,4054920,109,0,264.7,305,197.4,9.5,1,0,0,69,45,120,25.93,86,8.88,9,2.57,"1"
"NE",415,4177888,189,38,256.7,150.5,123,11.4,3,0,1,98,43.64,120,12.79,87,5.54,3,3.08,"0"
"SC",510,3937522,108,0,187.4,199.9,216.1,12.6,1,0,0,101,31.86,126,16.99,107,9.72,8,3.4,"0"
"MN",510,3387120,13,21,315.6,208.9,260.1,12.1,3,0,1,105,53.65,71,17.76,123,11.7,3,3.27,"0"
"AR",415,3886223,156,0,178.8,178.4,169.2,7.5,1,0,0,94,30.4,97,15.16,77,7.61,3,2.03,"0"
"WV",415,3325596,121,0,103.3,129.1,167.1,10.7,0,0,0,110,17.56,82,10.97,113,7.52,3,2.89,"0"
"MT",510,3989408,163,23,160,189.4,229.9,10.4,1,0,1,104,27.2,64,16.1,118,10.35,7,2.81,"0"
"MO",510,3698005,161,0,221.7,193,194.1,6.5,3,0,0,95,37.69,82,16.41,113,8.73,4,1.76,"0"
"DC",510,3688964,139,0,203.2,152.5,197.8,9.7,2,0,0,81,34.54,99,12.96,76,8.9,3,2.62,"0"
"WY",510,3793132,129,0,143.7,297.8,212.6,11.4,4,0,0,114,24.43,98,25.31,86,9.57,8,3.08,"0"
"VA",415,3962719,158,0,222.8,203,210.6,6.9,2,0,0,101,37.88,128,17.26,106,9.48,2,1.86,"0"
"SD",415,3696204,168,22,175.9,211.7,174.5,7.3,2,0,1,70,29.9,105,17.99,81,7.85,5,1.97,"0"
"AK",510,4189385,78,0,190.3,194.5,256.5,11.7,2,0,0,88,32.35,89,16.53,109,11.54,5,3.16,"0"
"KY",415,3854715,113,0,215.6,193.4,105.4,13.5,1,0,0,96,36.65,127,16.44,115,4.74,3,3.65,"0"
"TN",510,3377739,57,0,149.3,200.2,231.7,11.9,2,0,0,100,25.38,110,17.02,101,10.43,3,3.21,"0"
"NJ",415,4056943,64,0,224.8,190,221.4,9.2,1,0,0,111,38.22,101,16.15,110,9.96,2,2.48,"0"
"UT",415,3983834,68,0,162.1,155,189.7,11,5,0,0,86,27.56,86,13.18,87,8.54,9,2.97,"1"
"FL",415,3946577,116,17,193.4,240.6,248.1,11.4,5,0,1,112,32.88,131,20.45,98,11.16,3,3.08,"0"
"WA",415,3806631,119,26,161.3,250.3,142.4,6.6,1,0,1,97,27.42,110,21.28,92,6.41,8,1.78,"0"
"CO",510,3271319,22,23,182.1,164.6,128.8,12.7,3,0,1,94,30.96,59,13.99,102,5.8,4,3.43,"0"
"TX",415,3994413,90,0,109.6,137.6,159.7,11,2,0,0,88,18.63,108,11.7,121,7.19,5,2.97,"0"
"UT",415,3585953,112,0,115.8,243.3,184.6,13.1,1,0,0,108,19.69,111,20.68,78,8.31,5,3.54,"0"
"NJ",415,3894083,74,0,230.9,223,157.8,9.7,3,0,0,93,39.25,78,18.96,101,7.1,2,2.62,"0"
"MT",415,4109633,106,0,187.1,250.2,144.9,11,1,0,0,104,31.81,117,21.27,81,6.52,3,2.97,"0"
"MN",415,4189502,179,0,170.7,191.1,214.6,13.3,1,0,0,54,29.02,108,16.24,107,9.66,4,3.59,"0"
"OR",415,3918087,80,0,161.1,198.8,228.4,10.6,1,0,0,99,27.39,81,16.9,116,10.28,4,2.86,"0"
"ND",510,3784013,135,24,127.7,215,234.3,5.8,2,1,1,54,21.71,105,18.28,84,10.54,4,1.57,"0"
"LA",415,3866306,115,26,170.5,217.2,225.7,13.6,6,0,1,107,28.99,77,18.46,71,10.16,5,3.67,"0"
"NJ",408,3937826,24,0,265.6,208.8,182.5,11.1,2,0,0,86,45.15,102,17.75,105,8.21,6,3,"1"
"WI",408,3359501,45,0,112.8,218.8,240.2,9,2,0,0,108,19.18,120,18.6,106,10.81,3,2.43,"0"
"HI",408,3881250,73,0,187.3,239.7,167.5,15.1,1,0,0,118,31.84,90,20.37,108,7.54,2,4.08,"0"
"WV",408,3303589,137,0,174.4,156.3,136.5,10.2,0,0,0,120,29.65,98,13.29,121,6.14,5,2.75,"0"
"UT",510,3559360,243,0,95.5,163.7,264.2,6.6,2,0,0,92,16.24,63,13.91,118,11.89,6,1.78,"0"
"MN",415,3352331,150,0,146.3,202.7,234.7,13.1,1,0,0,133,24.87,95,17.23,103,10.56,3,3.54,"0"
"MN",415,3322137,80,0,105.8,43.9,189.6,13.1,0,0,0,110,17.99,88,3.73,87,8.53,5,3.54,"0"
"MO",415,4212955,74,0,172.1,211.7,182.2,11.6,1,0,0,105,29.26,99,17.99,105,8.2,6,3.13,"0"
"GA",510,4036850,27,0,72.7,208.6,65.8,9.9,1,0,0,75,12.36,117,17.73,71,2.96,3,2.67,"0"
"OR",415,3669538,67,0,120.9,235,95.1,11.4,2,1,0,58,20.55,88,19.98,130,4.28,11,3.08,"0"
"AL",408,3647622,102,0,224.7,129.4,167.6,15.8,1,0,0,81,38.2,112,11,109,7.54,6,4.27,"0"
"FL",415,3764484,144,51,283.9,192,196.3,10,1,0,1,98,48.26,109,16.32,85,8.83,4,2.7,"0"
"MO",415,3348967,120,24,212.7,257.5,227.8,9.7,2,0,1,73,36.16,103,21.89,119,10.25,13,2.62,"0"
"MA",510,3663358,98,0,271.4,190.4,284.7,11.1,4,0,0,119,46.14,102,16.18,118,12.81,6,3,"1"
"MA",408,3873332,160,0,166.8,236,307.6,9.3,1,0,0,109,28.36,117,20.06,77,13.84,1,2.51,"0"
"ID",510,3827993,122,33,270.8,220.4,169.9,11.8,4,0,1,96,46.04,110,18.73,104,7.65,8,3.19,"0"
"IA",408,3358146,128,0,158.8,264.8,270,7.6,1,0,0,75,27,91,22.51,77,12.15,7,2.05,"0"
"MO",415,3978772,167,0,244.8,60.8,176.7,10.7,2,1,0,91,41.62,105,5.17,110,7.95,3,2.89,"0"
"DC",408,3998615,108,35,215.9,200.6,195.4,15.5,0,0,1,106,36.7,107,17.05,107,8.79,7,4.19,"0"
"CT",510,3705527,23,0,321.6,251.6,141.1,11.3,2,0,0,107,54.67,115,21.39,158,6.35,3,3.05,"1"
"WV",415,4189036,161,0,191.9,70.9,204.8,13.4,4,0,0,113,32.62,87,6.03,107,9.22,4,3.62,"1"
"UT",415,3553602,118,24,118.1,109.6,245.5,16.9,1,0,1,83,20.08,72,9.32,73,11.05,2,4.56,"0"
"IA",510,3322965,45,0,159.8,120.4,163,10.6,2,0,0,91,27.17,86,10.23,93,7.34,3,2.86,"0"
"MO",510,3552464,179,0,287.3,288,266,10.5,0,0,0,123,48.84,114,24.48,112,11.97,4,2.84,"1"
"MO",408,4044611,152,0,101.2,141.6,198.5,7.5,2,0,0,122,17.2,87,12.04,124,8.93,3,2.03,"0"
"PA",408,4104739,52,0,215.9,217,342.8,5.2,1,0,0,67,36.7,108,18.45,130,15.43,2,1.4,"0"
"WI",415,3985006,80,0,239.9,142.3,364.3,9.3,1,0,0,121,40.78,51,12.1,106,16.39,5,2.51,"0"
"MS",415,4083977,1,0,144.8,112.5,218.7,13.8,1,0,0,107,24.62,66,9.56,79,9.84,3,3.73,"0"
"NV",415,3509228,143,0,209.1,106.1,179.6,14,0,0,0,127,35.55,80,9.02,90,8.08,6,3.78,"0"
"UT",415,4075774,81,24,130.1,196,139.3,11.4,0,0,1,117,22.12,61,16.66,123,6.27,5,3.08,"0"
"WV",510,3554143,77,0,67.7,195.7,236.5,12,1,0,0,68,11.51,86,16.63,137,10.64,2,3.24,"0"
"TX",415,3968400,130,0,120.5,189.7,270.1,14.3,1,0,0,127,20.49,52,16.12,107,12.15,2,3.86,"0"
"OH",408,3492654,56,0,91.1,179.3,300.7,11.9,2,0,0,90,15.49,115,15.24,89,13.53,8,3.21,"0"
"AL",408,3516585,87,0,237.2,222.6,173.3,11,1,0,0,124,40.32,87,18.92,81,7.8,3,2.97,"0"
"PA",415,3403011,53,0,205.1,160.5,149.5,10.7,3,0,0,86,34.87,95,13.64,142,6.73,2,2.89,"0"
"GA",408,3899120,58,0,165.4,115.7,193.8,12.8,2,0,0,100,28.12,87,9.83,118,8.72,5,3.46,"0"
"AZ",415,3281522,73,0,175.4,248.1,122.4,12.2,0,0,0,130,29.82,105,21.09,85,5.51,4,3.29,"0"
"NM",408,3709755,122,33,174.9,248.2,164.6,13.5,1,0,1,103,29.73,105,21.1,116,7.41,3,3.65,"1"
"SC",415,3724835,93,0,190.2,262.2,130,8.8,0,0,0,68,32.33,64,22.29,92,5.85,4,2.38,"0"
"KY",415,3305255,104,0,130.5,131.2,264.7,13,0,0,0,77,22.19,117,11.15,63,11.91,6,3.51,"0"
"GA",408,4135190,93,21,134.2,162.5,186.6,11.8,4,0,1,105,22.81,128,13.81,90,8.4,2,3.19,"1"
"NV",408,3594587,178,0,275.4,187.5,147.1,13.6,1,0,0,150,46.82,62,15.94,126,6.62,3,3.67,"0"
"MI",415,3613779,50,35,192.6,135.2,216.2,7.9,2,0,1,97,32.74,101,11.49,101,9.73,2,2.13,"0"
"NY",510,4217205,147,33,251.5,234.1,213.4,10.4,3,0,1,107,42.76,110,19.9,87,9.6,6,2.81,"0"
"MS",415,4179128,116,0,217.3,216.1,148.1,11.3,2,0,0,91,36.94,95,18.37,76,6.66,3,3.05,"0"
"TN",415,3723987,140,0,125.3,167.6,260.6,8.4,1,0,0,84,21.3,121,14.25,94,11.73,4,2.27,"0"
"ND",415,4003945,182,0,104.9,198.5,258.2,8,2,0,0,111,17.83,120,16.87,91,11.62,5,2.16,"0"
"NY",415,3383781,104,0,156.2,193,222.7,13.1,1,0,0,93,26.55,54,16.41,94,10.02,5,3.54,"0"
"DC",415,3782940,148,11,252.9,284.3,262.8,12.3,1,0,1,129,42.99,88,24.17,99,11.83,1,3.32,"0"
"VA",415,4006257,99,42,216,232.3,215.5,9.3,2,0,1,125,36.72,104,19.75,100,9.7,4,2.51,"1"
"RI",415,3339826,75,0,122.8,211.3,261.4,10.7,2,0,0,89,20.88,104,17.96,91,11.76,2,2.89,"0"
"CT",510,4118549,150,0,189.3,220.9,238.7,9.2,4,0,0,77,32.18,105,18.78,117,10.74,5,2.48,"0"
"NY",510,4173046,94,0,243.2,147,94.9,7.2,4,1,0,109,41.34,88,12.5,99,4.27,4,1.94,"0"
"HI",510,3425906,101,0,93.8,150,241.1,10.7,1,0,0,127,15.95,104,12.75,116,10.85,2,2.89,"0"
"PA",415,3966775,124,0,167.4,233.2,109.6,10.3,0,0,0,119,28.46,143,19.82,115,4.93,5,2.78,"0"
"MO",408,4003497,164,25,219.1,151.5,50.1,14.3,1,0,1,88,37.25,99,12.88,60,2.25,6,3.86,"0"
"MN",408,3726623,158,0,209.9,221.3,210,8.2,1,0,0,112,35.68,82,18.81,93,9.45,3,2.21,"0"
"OH",415,3632602,114,0,191.5,175.2,220.3,0,0,0,0,88,32.56,78,14.89,118,9.91,0,0,"0"
"NC",408,3877757,64,19,291.1,226.7,219.1,7.5,1,0,1,150,49.49,123,19.27,67,9.86,2,2.03,"0"
"AK",415,3333704,115,0,245.2,159,229.9,7.2,0,0,0,105,41.68,109,13.52,74,10.35,8,1.94,"0"
"KY",415,3444691,57,29,279.9,223.1,251.7,13,1,0,1,121,47.58,109,18.96,94,11.33,2,3.51,"0"
"ND",510,3479737,98,0,187.2,195.6,181.8,5.1,1,0,0,127,31.82,88,16.63,129,8.18,4,1.38,"0"
"NC",510,3918626,86,0,190.5,179.6,258.5,10.1,3,0,0,115,32.39,130,15.27,89,11.63,5,2.73,"0"
"MO",510,3621146,55,0,189,118.5,248.1,17.1,0,0,0,100,32.13,99,10.07,87,11.16,6,4.62,"0"
"ID",408,3527413,82,0,101,155.6,304.4,13.3,0,0,0,93,17.17,104,13.23,93,13.7,2,3.59,"0"
"OH",408,3681288,98,0,165,202.6,172.3,12.5,1,0,0,129,28.05,113,17.22,94,7.75,7,3.38,"1"
"NE",415,3625111,159,0,189.1,246.1,242,10.4,1,0,0,105,32.15,147,20.92,106,10.89,5,2.81,"1"
"WV",415,3413044,83,37,78.5,210.5,179.7,11.8,1,0,1,109,13.35,101,17.89,102,8.09,4,3.19,"0"
"ID",415,4023476,144,33,251.6,197.6,209.2,12.2,2,0,1,87,42.77,118,16.8,97,9.41,3,3.29,"0"
"TX",510,4093520,19,34,156.6,224.2,260.9,11.3,1,0,1,97,26.62,97,19.06,135,11.74,1,3.05,"0"
"CO",415,3887701,157,0,196,213.4,196.8,7.9,1,0,0,74,33.32,96,18.14,81,8.86,6,2.13,"0"
"WA",415,3788137,161,0,151.6,219.4,224.7,4,1,0,0,117,25.77,87,18.65,68,10.11,5,1.08,"0"
"MD",415,4202000,37,0,106.6,147.4,235.8,9.6,2,1,0,76,18.12,89,12.53,113,10.61,8,2.59,"0"
"CT",408,3306165,99,0,95.4,207.2,136,5.6,1,0,0,105,16.22,101,17.61,117,6.12,5,1.51,"0"
"VT",408,3449966,109,0,222.2,218.5,266,10.9,1,0,0,113,37.77,122,18.57,88,11.97,5,2.94,"0"
"ME",510,3683808,69,0,194.2,242.1,215.8,9.7,2,0,0,122,33.01,81,20.58,80,9.71,3,2.62,"0"
"TN",415,3867456,130,12,141.9,228.9,195.1,8.7,0,0,1,92,24.12,102,19.46,101,8.78,5,2.35,"0"
"IL",415,3437019,78,0,236.8,265.3,152.4,9.5,1,1,0,141,40.26,101,22.55,77,6.86,2,2.57,"1"
"IA",510,3507344,92,25,134,206,180.6,9.7,0,0,1,112,22.78,111,17.51,118,8.13,4,2.62,"0"
"WA",510,3976064,13,25,176.6,172.7,104.5,11.3,2,0,1,65,30.02,96,14.68,128,4.7,5,3.05,"0"
"ND",408,4089463,94,0,174,241.1,207.8,7.9,1,0,0,85,29.58,114,20.49,94,9.35,1,2.13,"0"
"ME",408,3329525,80,31,166.4,238.3,150.7,10.7,4,0,1,92,28.29,74,20.26,84,6.78,4,2.89,"0"
"MT",415,3597694,25,0,134.3,202.3,195.9,12.6,2,0,0,98,22.83,109,17.2,100,8.82,5,3.4,"0"
"ID",415,3414570,88,31,181.6,213.2,207.8,11.4,1,0,1,91,30.87,120,18.12,104,9.35,4,3.08,"0"
"LA",510,3736681,162,33,184.5,183.2,127.4,12.3,0,0,1,139,31.37,78,15.57,106,5.73,6,3.32,"0"
"KS",510,3695449,24,0,243,183.9,184.3,15.3,0,0,0,91,41.31,77,15.63,109,8.29,6,4.13,"1"
"AZ",510,3544568,163,0,178.7,215.7,152.7,10.6,4,0,0,56,30.38,79,18.33,84,6.87,2,2.86,"0"
"OK",510,3333460,159,0,198.8,195.5,213.3,16.5,5,0,0,107,33.8,91,16.62,120,9.6,7,4.46,"0"
"NC",408,3732903,45,38,196.8,254.2,261.8,7.7,1,0,1,92,33.46,108,21.61,85,11.78,2,2.08,"0"
"MN",415,3617702,122,0,140.1,231.4,188.1,11.2,2,0,0,120,23.82,128,19.67,127,8.46,5,3.02,"0"
"MN",415,3885850,138,0,194.3,189.9,232.2,9,5,0,0,83,33.03,97,16.14,102,10.45,3,2.43,"0"
"ME",510,3282478,116,0,229.3,184.5,168.2,8.8,2,0,0,93,38.98,111,15.68,91,7.57,3,2.38,"0"
"MN",510,3909811,62,33,186.4,201,286.7,11.1,2,0,1,84,31.69,136,17.09,103,12.9,3,3,"1"
"RI",510,4228268,107,0,194.4,247.8,245.4,11.2,2,1,0,83,33.05,84,21.06,93,11.04,7,3.02,"0"
"ND",408,3627581,81,37,237.1,264.2,271.3,7.9,1,1,1,76,40.31,125,22.46,120,12.21,3,2.13,"0"
"MI",415,3731448,51,0,229.7,336,192.8,9.6,1,0,0,129,39.05,104,28.56,128,8.68,1,2.59,"1"
"FL",415,3607076,68,24,176,277.9,174.7,14.7,1,0,1,118,29.92,116,23.62,71,7.86,7,3.97,"0"
"NC",510,3754107,58,0,112.2,209.6,260.9,13.9,0,0,0,95,19.07,108,17.82,78,11.74,1,3.75,"1"
"UT",415,4169615,144,0,139.6,124.2,95.6,15,2,0,0,96,23.73,93,10.56,75,4.3,4,4.05,"0"
"OH",408,3405930,149,0,196.3,136.8,154.7,7.7,2,0,0,108,33.37,96,11.63,87,6.96,3,2.08,"0"
"AZ",510,3696012,141,22,215.4,328.7,160.5,7.8,1,0,1,123,36.62,98,27.94,89,7.22,6,2.11,"0"
"WI",415,4208308,90,0,200.9,164.3,249,8.9,1,0,0,92,34.15,91,13.97,98,11.21,7,2.4,"0"
"CT",415,3892114,100,0,235.8,176,63.6,7.3,2,0,0,130,40.09,69,14.96,122,2.86,1,1.97,"0"
"NH",415,3705361,124,0,254.3,78.9,153.2,11.8,2,0,0,113,43.23,104,6.71,69,6.89,2,3.19,"0"
"WA",408,3922708,121,0,207.9,210.5,109.6,7.7,2,0,0,98,35.34,96,17.89,114,4.93,2,2.08,"0"
"WI",415,3527234,101,0,248.6,174.9,207.2,6.1,3,0,0,102,42.26,93,14.87,86,9.32,3,1.65,"0"
"TN",510,3825401,17,31,153.1,185.9,224.3,10,6,0,1,115,26.03,59,15.8,102,10.09,1,2.7,"1"
"ID",415,4114714,193,0,96.8,142.6,210.1,10.9,2,0,0,92,16.46,103,12.12,115,9.45,5,2.94,"1"
"WY",510,3461629,97,0,236.9,157.6,241,7.3,0,1,0,107,40.27,105,13.4,120,10.85,2,1.97,"1"
"NC",408,3386550,111,0,224.9,191.9,229.9,10.3,0,0,0,117,38.23,127,16.31,97,10.35,3,2.78,"0"
"LA",415,3889653,13,0,58.4,262.2,159,11.9,1,0,0,121,9.93,64,22.29,115,7.15,5,3.21,"0"
"ME",408,3814562,123,0,114.4,216.6,250.6,11,0,0,0,91,19.45,123,18.41,102,11.28,3,2.97,"0"
"TX",408,3306436,50,31,302.7,240.5,193.9,13.6,3,0,1,93,51.46,119,20.44,103,8.73,14,3.67,"0"
"IA",415,3324289,118,0,136.1,204.2,228.2,11.3,1,0,0,120,23.14,103,17.36,90,10.27,4,3.05,"0"
"ND",510,3373740,51,0,227.2,194.4,243.4,14.9,0,0,0,89,38.62,106,16.52,126,10.95,2,4.02,"0"
"HI",415,3497291,35,0,124.2,123.9,135.7,13.1,2,0,0,102,21.11,115,10.53,100,6.11,8,3.54,"0"
"CT",408,3741551,80,0,118.1,144.3,225.1,8.2,1,0,0,90,20.08,77,12.27,86,10.13,6,2.21,"0"
"VT",415,3649240,131,34,156.6,71,261.7,13.4,1,0,1,134,26.62,95,6.04,120,11.78,10,3.62,"0"
"GA",415,3806342,125,39,236.1,289.2,175.4,9.1,2,0,1,107,40.14,110,24.58,107,7.89,4,2.46,"0"
"CT",408,3673648,141,0,51.9,162,223.5,10.1,3,0,0,108,8.82,83,13.77,115,10.06,3,2.73,"0"
"AZ",510,3415892,113,0,81.3,220.6,235.7,8.9,0,0,0,116,13.82,124,18.75,113,10.61,3,2.4,"0"
"OK",415,4134040,101,0,269.7,207.6,214.2,4.5,3,0,0,85,45.85,86,17.65,107,9.64,15,1.22,"1"
"UT",415,3685647,103,0,189.8,115.5,191.3,12.2,0,0,0,110,32.27,83,9.82,103,8.61,4,3.29,"0"
"AZ",408,4203346,104,0,167.6,219.2,215.9,11.7,4,0,0,116,28.49,112,18.63,94,9.72,2,3.16,"0"
"KY",510,3751721,126,0,175.4,98.3,201.9,10.6,0,0,0,120,29.82,71,8.36,93,9.09,1,2.86,"0"
"NV",510,3318484,87,39,82.6,224.4,163.6,9.5,3,0,1,113,14.04,63,19.07,88,7.36,1,2.57,"0"
"NH",408,4011454,133,0,162.1,212.1,260.4,12.2,1,0,0,91,27.56,94,18.03,78,11.72,5,3.29,"0"
"NV",510,3987414,27,0,177.6,296.8,192.9,7.6,3,0,0,121,30.19,92,25.23,106,8.68,3,2.05,"0"
"AK",408,3388566,141,0,83.2,190.6,150.5,10.7,1,0,0,74,14.14,104,16.2,79,6.77,7,2.89,"0"
"WY",510,4115740,107,31,160.3,221.5,261.6,5.6,1,0,1,45,27.25,70,18.83,109,11.77,1,1.51,"0"
"VA",415,3834322,86,30,99.9,263.5,254.7,9.8,2,0,1,84,16.98,125,22.4,90,11.46,7,2.65,"0"
"MI",510,3379569,79,0,220.9,192.2,161,12.2,1,0,0,107,37.55,97,16.34,74,7.25,2,3.29,"0"
"ME",510,3909627,102,0,195.7,209.1,201.1,8.3,1,0,0,116,33.27,87,17.77,73,9.05,3,2.24,"1"
"IN",415,3758761,101,33,219.7,186.8,184.5,9.5,2,0,1,137,37.35,94,15.88,113,8.3,2,2.57,"0"
"VA",510,3671398,77,0,144.9,151.3,252.4,12.3,2,0,0,136,24.63,115,12.86,73,11.36,3,3.32,"0"
"UT",408,3988745,133,44,174,209.4,224.1,14.1,2,0,1,80,29.58,113,17.8,87,10.08,7,3.81,"1"
"CO",408,4081513,37,0,199.5,207.5,83.9,8.1,2,0,0,107,33.92,110,17.64,123,3.78,4,2.19,"0"
"OH",510,3722296,75,27,117.5,206.8,194.4,4.2,3,0,1,102,19.98,127,17.58,114,8.75,7,1.13,"0"
"MD",415,3705626,129,34,204.5,132.8,190.1,14.8,2,0,1,79,34.77,113,11.29,117,8.55,9,4,"0"
"AR",415,3435219,107,0,133.3,182.9,241.1,12.9,3,1,0,106,22.66,89,15.55,123,10.85,2,3.48,"1"
"NV",415,4146426,161,0,72.8,267.1,222.5,11.8,2,0,0,120,12.38,120,22.7,91,10.01,2,3.19,"0"
"TN",415,3355591,1,0,196.1,296.5,211.5,7,1,0,0,107,33.34,82,25.2,91,9.52,2,1.89,"0"
"IA",415,3987978,129,0,216,186.9,210.7,4.9,2,0,0,85,36.72,114,15.89,109,9.48,10,1.32,"0"
"MT",510,3933274,114,0,189.8,147.7,172.7,10.6,1,0,0,101,32.27,80,12.55,121,7.77,5,2.86,"0"
"MN",510,3557895,142,40,237.4,175.9,210.3,9.2,3,0,1,105,40.36,93,14.95,110,9.46,3,2.48,"0"
"MA",415,3893206,51,0,183.1,160.1,311.8,7,1,0,0,99,31.13,107,13.61,121,14.03,3,1.89,"0"
"CA",510,3686488,93,19,136.8,179.5,71.1,12.5,2,0,1,113,23.26,105,15.26,95,3.2,3,3.38,"0"
"WV",415,3417686,113,0,61.2,92.3,197.4,13.7,5,0,0,111,10.4,88,7.85,114,8.88,3,3.7,"1"
"MT",415,4188450,48,36,230.9,167.6,270,7.6,3,0,1,92,39.25,121,14.25,87,12.15,4,2.05,"0"
"DC",510,3857861,81,0,227.4,211.5,258.2,11.9,0,1,0,105,38.66,120,17.98,113,11.62,3,3.21,"0"
"AR",510,3933507,57,0,192.8,158,235.5,12.7,1,0,0,68,32.78,86,13.43,105,10.6,6,3.43,"0"
"MD",415,3497362,102,0,271.1,172,169.2,10.3,1,0,0,80,46.09,133,14.62,105,7.61,5,2.78,"0"
"AZ",510,3507227,122,22,204.5,139.6,205,8.6,2,0,1,92,34.77,121,11.87,103,9.23,5,2.32,"0"
"DE",415,3918124,79,34,103.7,236.3,256.6,14.8,2,0,1,100,17.63,78,20.09,102,11.55,4,4,"0"
"MS",408,3844385,70,0,148.4,267.1,151.5,8.9,0,0,0,110,25.23,90,22.7,101,6.82,4,2.4,"0"
"MT",510,3327607,33,35,161.9,151.2,191,8.5,1,0,1,85,27.52,82,12.85,131,8.59,2,2.3,"0"
"DC",415,4041002,148,38,209.2,116.6,109.6,16.5,2,0,1,110,35.56,73,9.91,105,4.93,4,4.46,"0"
"AR",510,3872604,99,0,242.3,350.9,163.1,11.3,0,1,0,102,41.19,102,29.83,93,7.34,3,3.05,"1"
"TN",415,4149717,67,0,179.8,173.2,272.8,10.9,0,0,0,125,30.57,86,14.72,97,12.28,4,2.94,"0"
"NY",415,3995426,87,0,204.8,161,285.7,9.5,0,0,0,101,34.82,80,13.69,89,12.86,3,2.57,"0"
"CO",415,3946278,74,0,225.2,215.1,241.8,9.1,2,0,0,93,38.28,120,18.28,95,10.88,2,2.46,"0"
"TN",415,3971659,68,0,222.8,175.8,202,11,3,0,0,99,37.88,85,14.94,111,9.09,3,2.97,"0"
"WI",408,3925296,107,0,134,174.5,311.1,7.3,3,0,0,104,22.78,94,14.83,79,14,3,1.97,"0"
"NH",408,3904003,130,0,68.4,193.3,171.5,10.4,0,0,0,86,11.63,110,16.43,139,7.72,4,2.81,"0"
"TN",415,4182402,176,23,283.2,162.6,177.7,7.2,1,0,1,130,48.14,74,13.82,104,8,6,1.94,"0"
"MD",510,3843299,93,0,131.4,219.7,155.7,11.1,1,1,0,78,22.34,106,18.67,103,7.01,2,3,"1"
"KY",415,4058075,88,0,148.2,308.7,235.4,6.4,2,0,0,82,25.19,67,26.24,79,10.59,4,1.73,"0"
"UT",415,3909698,78,0,193.1,172.1,129.6,10.2,0,0,0,85,32.83,105,14.63,119,5.83,1,2.75,"0"
"AK",408,3344506,96,29,150,159.4,228.1,8.5,1,0,1,91,25.5,75,13.55,55,10.26,3,2.3,"0"
"CT",415,3344438,90,0,37.8,155.3,175,14.2,3,0,0,80,6.43,105,13.2,111,7.88,5,3.83,"0"
"PA",415,3531352,174,15,221.8,210.6,221.8,12.4,1,0,1,143,37.71,115,17.9,109,9.98,9,3.35,"0"
"VT",415,3808727,99,0,115.5,218.1,254.9,11.5,7,0,0,75,19.64,111,18.54,98,11.47,7,3.11,"1"
"OR",415,3335101,140,0,120.3,240.4,216.4,7.7,4,0,0,108,20.45,84,20.43,74,9.74,3,2.08,"1"
"DE",415,3453734,96,26,175.8,206.6,178,11.1,2,0,1,96,29.89,84,17.56,105,8.01,2,3,"0"
"ID",415,4174063,92,23,167.4,258.6,116.4,11.2,4,0,1,83,28.46,129,21.98,110,5.24,3,3.02,"0"
"ID",415,3397485,138,17,225.2,173.4,145.8,11.7,0,1,1,116,38.28,88,14.74,99,6.56,4,3.16,"0"
"SC",408,3683078,102,0,174.5,213.7,164.7,10.3,4,0,0,73,29.67,114,18.16,116,7.41,5,2.78,"0"
"MO",510,4187055,76,0,129.7,177.5,228.9,7.5,5,0,0,84,22.05,80,15.09,87,10.3,3,2.03,"1"
"MS",510,3806722,84,0,75.3,179.9,193.8,12.3,1,0,0,96,12.8,113,15.29,134,8.72,1,3.32,"0"
"MA",510,3292918,80,0,149.8,276.3,241.4,10.9,2,0,0,123,25.47,75,23.49,75,10.86,7,2.94,"0"
"SC",510,3488022,100,0,115.9,111.3,170.2,7.1,1,0,0,87,19.7,56,9.46,77,7.66,4,1.92,"0"
"WV",510,3583114,50,0,131.7,216.5,196.1,11,1,0,0,108,22.39,103,18.4,126,8.82,5,2.97,"0"
"MS",415,4049978,111,36,96.8,170.6,166,13.4,2,0,1,123,16.46,105,14.5,85,7.47,4,3.62,"0"
"CO",408,3686174,119,0,124.3,207.1,157.4,14.8,0,0,0,68,21.13,88,17.6,93,7.08,1,4,"0"
"NV",415,3345029,115,0,286.4,205.7,191.4,6.9,1,0,0,125,48.69,74,17.48,141,8.61,6,1.86,"1"
"ME",510,3769607,23,0,113.1,168.8,262.9,6.9,1,0,0,74,19.23,95,14.35,126,11.83,2,1.86,"1"
"WY",415,3741213,225,0,182.7,246.5,218,8.8,1,0,0,142,31.06,63,20.95,103,9.81,2,2.38,"0"
"VT",415,3515576,63,0,142.5,208.3,228.9,7.5,2,0,0,92,24.23,102,17.71,120,10.3,2,2.03,"0"
"MO",408,4054420,80,15,159.3,170.6,141.2,11.9,1,1,1,110,27.08,120,14.5,82,6.35,5,3.21,"0"
"HI",510,3902433,146,0,189.3,155.9,186,7.4,0,0,0,77,32.18,128,13.25,83,8.37,3,2,"0"
"WY",408,3607246,93,42,166.9,273.2,171,11.5,1,0,1,101,28.37,84,23.22,106,7.69,1,3.11,"0"
"NC",408,4057542,114,0,193,250,133.3,9.6,2,0,0,101,32.81,81,21.25,79,6,2,2.59,"0"
"OH",415,3644927,106,0,158.6,220,252.9,9.1,0,0,0,112,26.96,114,18.7,106,11.38,3,2.46,"0"
"ND",415,3434147,87,40,221.6,157.1,222.4,11.5,1,1,1,79,37.67,74,13.35,124,10.01,3,3.11,"0"
"WY",415,3366907,62,0,172.4,230.5,228.2,11,0,0,0,132,29.31,100,19.59,109,10.27,5,2.97,"0"
"LA",510,4102518,112,0,174.5,259.3,170.5,11.3,1,0,0,127,29.67,71,22.04,120,7.67,7,3.05,"0"
"NY",415,3486853,54,0,286.6,223.2,203.7,11.5,1,0,0,73,48.72,108,18.97,107,9.17,5,3.11,"1"
"GA",415,3418412,160,29,164.6,262.8,123.8,15.2,1,0,1,121,27.98,108,22.34,131,5.57,4,4.1,"0"
"ND",510,3721824,132,0,163.2,167.6,87.5,6.2,1,0,0,80,27.74,90,14.25,90,3.94,10,1.67,"0"
"AK",510,4114940,101,0,174.9,262,210,8.5,1,0,0,105,29.73,75,22.27,93,9.45,5,2.3,"0"
"CO",415,4086725,63,0,211.8,230.9,217.1,10.7,3,0,0,84,36.01,137,19.63,99,9.77,9,2.89,"0"
"NH",415,4156145,83,0,231.3,210.4,217.4,12.4,3,0,0,100,39.32,84,17.88,106,9.78,2,3.35,"0"
"MN",408,3733731,117,0,161.6,196.3,294.8,13.8,1,0,0,104,27.47,119,16.69,111,13.27,2,3.73,"0"
"NH",510,3998859,115,0,109.7,223.8,240.3,15.4,3,0,0,148,18.65,87,19.02,96,10.81,8,4.16,"0"
"KY",408,3411594,89,0,192.1,163.6,169.7,6.1,0,0,0,83,32.66,88,13.91,138,7.64,3,1.65,"0"
"SD",408,3933535,116,0,167.8,142,190.7,7.3,2,0,0,119,28.53,123,12.07,128,8.58,4,1.97,"0"
"OR",415,4022482,117,17,221.3,167.6,262.7,4.4,0,0,1,82,37.62,100,14.25,87,11.82,4,1.19,"0"
"OH",408,3969462,127,0,139.6,240.9,127.1,8.8,2,0,0,94,23.73,112,20.48,88,5.72,4,2.38,"0"
"KS",510,3638715,138,26,183.9,240.7,185.7,15,1,0,1,83,31.26,93,20.46,125,8.36,3,4.05,"0"
"AR",415,3654728,89,25,215.1,197.4,162.1,10.6,1,0,1,140,36.57,69,16.78,117,7.29,10,2.86,"0"
"CT",408,3519037,50,0,301.7,167.1,72.2,10.5,1,0,0,82,51.29,118,14.2,89,3.25,6,2.84,"0"
"DC",415,3339511,141,37,185.4,178.5,218.3,8,4,0,1,87,31.52,128,15.17,107,9.82,3,2.16,"0"
"SC",510,3697017,77,28,135.9,244.5,207.5,11.5,4,0,1,117,23.1,102,20.78,74,9.34,3,3.11,"1"
"NC",415,4208435,80,0,189.1,223.2,269,13.9,2,1,0,122,32.15,92,18.97,116,12.11,3,3.75,"1"
"NH",510,3952579,120,43,177.9,175.1,161.3,11.5,1,0,1,117,30.24,70,14.88,117,7.26,4,3.11,"0"
"DE",415,3764861,80,0,199.8,167.1,271.8,5.5,1,0,0,138,33.97,91,14.2,94,12.23,4,1.49,"0"
"WI",510,4172265,67,0,109.1,142.3,91.2,10.9,2,0,0,134,18.55,76,12.1,86,4.1,5,2.94,"0"
"DE",510,3332906,133,0,245.8,264.7,111.7,11.2,0,0,0,102,41.79,90,22.5,103,5.03,7,3.02,"0"
"IL",510,3607477,116,0,164.6,270.6,230.4,8,0,0,0,110,27.98,103,23,109,10.37,3,2.16,"0"
"WA",408,3425243,63,0,211.7,271.7,203.3,7.4,0,0,0,107,35.99,77,23.09,108,9.15,7,2,"0"
"MA",408,4173999,119,16,147.2,160.1,184,7.7,0,1,1,103,25.02,96,13.61,120,8.28,2,2.08,"1"
"OH",408,3791720,133,0,254.7,252.2,178.1,8,0,1,0,103,43.3,80,21.44,103,8.01,3,2.16,"1"
"TX",510,3612349,119,0,81.9,253.8,213.1,8.9,2,0,0,75,13.92,114,21.57,125,9.59,1,2.4,"1"
"NH",408,3832901,142,25,191.1,149.6,227.8,9.8,0,1,1,109,32.49,120,12.72,60,10.25,3,2.65,"0"
"MD",408,3697049,123,0,206.9,224.4,197.4,8.3,3,0,0,115,35.17,86,19.07,60,8.88,2,2.24,"0"
"NY",510,3943312,15,0,141.4,123.9,323.5,8.1,2,1,0,80,24.04,76,10.53,88,14.56,3,2.19,"0"
"SC",510,3479769,140,28,157.1,172.4,184.5,11.1,1,0,1,77,26.71,97,14.65,94,8.3,9,3,"0"
"SD",408,3784557,27,0,236.7,231.9,164.7,12.7,1,0,0,110,40.24,92,19.71,85,7.41,6,3.43,"0"
"ID",510,3608919,224,0,111.4,175,217.2,5.5,3,0,0,133,18.94,66,14.88,106,9.77,6,1.49,"0"
"AZ",415,3326633,134,40,142.9,88.6,290,10.8,1,0,1,105,24.29,61,7.53,96,13.05,6,2.92,"0"
"AL",415,3689007,85,0,210.3,195.8,221.6,11.2,1,0,0,66,35.75,76,16.64,82,9.97,7,3.02,"0"
"WA",408,3526068,174,33,167.8,205.3,130,14.5,4,0,1,91,28.53,91,17.45,132,5.85,4,3.92,"1"
"DC",415,3847873,91,39,169.8,65.2,144.4,10.9,1,0,1,105,28.87,116,5.54,92,6.5,4,2.94,"0"
"NE",408,3962187,88,28,190.6,237.3,211.6,9.8,2,0,1,104,32.4,105,20.17,116,9.52,1,2.65,"0"
"VT",415,3777843,195,36,231.7,225.1,201.7,12.1,0,0,1,110,39.39,88,19.13,89,9.08,2,3.27,"0"
"WV",415,3573709,172,0,211.7,198.7,301.7,6.5,1,0,0,100,35.99,101,16.89,136,13.58,9,1.76,"0"
"NM",510,3669211,113,0,150.1,200.1,266.7,11,2,0,0,120,25.52,85,17.01,105,12,3,2.97,"0"
"ND",408,3849033,177,0,189.5,176.3,225.9,14.2,1,0,0,99,32.22,117,14.99,112,10.17,2,3.83,"0"
"GA",415,3917166,71,0,258.4,126.8,182.4,9.7,4,0,0,132,43.93,119,10.78,87,8.21,8,2.62,"0"
"HI",408,3709000,134,0,242.4,152.9,318.3,11.8,1,0,0,126,41.21,115,13,115,14.32,6,3.19,"0"
"ME",408,3665640,39,0,154.1,204.2,196.2,9.8,2,0,0,104,26.2,112,17.36,92,8.83,4,2.65,"0"
"OR",408,4144741,155,30,128.5,188.4,254.4,6.8,1,0,1,86,21.85,91,16.01,85,11.45,6,1.84,"0"
"AZ",510,4039719,113,0,128.7,227.1,178.1,9.2,2,0,0,100,21.88,67,19.3,135,8.01,4,2.48,"1"
"VA",408,3926239,145,0,199.2,126,289.2,7.6,1,0,0,124,33.86,86,10.71,135,13.01,3,2.05,"0"
"WA",408,3573187,137,0,208.8,225.3,221.6,11.1,0,0,0,120,35.5,100,19.15,130,9.97,5,3,"0"
"NY",510,3284231,60,31,191.8,267.8,200.5,12.8,2,0,1,75,32.61,135,22.76,62,9.02,3,3.46,"0"
"NM",415,3888891,94,0,108,241.9,252.1,10.4,3,0,0,79,18.36,152,20.56,92,11.34,3,2.81,"0"
"NE",415,3501532,77,0,169.4,184.9,234.3,2,1,0,0,102,28.8,144,15.72,89,10.54,7,0.54,"0"
"KS",415,3367357,74,32,174.6,310.6,234.7,9,1,0,1,107,29.68,115,26.4,92,10.56,4,2.43,"0"
"SC",415,3404972,49,0,237.8,208.9,167.8,15.6,2,1,0,92,40.43,119,17.76,86,7.55,6,4.21,"1"
"TN",415,3396477,112,0,272.5,226.1,159.1,16.4,3,0,0,119,46.33,94,19.22,94,7.16,5,4.43,"1"
"AK",408,4161845,59,0,159.5,167.2,138.6,10.2,0,0,0,96,27.12,123,14.21,106,6.24,4,2.75,"0"
"DE",415,4151141,99,0,140.7,210.9,229.9,12.4,2,0,0,88,23.92,98,17.93,125,10.35,4,3.35,"0"
"IN",510,3577893,86,0,216.3,266.3,214,4.5,0,0,0,96,36.77,77,22.64,110,9.63,3,1.22,"0"
"KS",415,4183135,93,0,266,130.1,165.8,13.1,3,0,0,120,45.22,84,11.06,63,7.46,6,3.54,"0"
"OR",415,3445973,33,0,190.6,161.7,189.9,13,1,1,0,100,32.4,104,13.74,136,8.55,6,3.51,"0"
"SD",510,3633818,87,0,184.5,172,183.4,13.7,3,0,0,81,31.37,103,14.62,96,8.25,3,3.7,"0"
"RI",510,3328764,80,0,202.4,260.2,177.4,9.2,3,0,0,118,34.41,67,22.12,112,7.98,5,2.48,"0"
"MD",415,3984814,165,39,167.4,172.7,192.6,9.5,3,0,1,113,28.46,94,14.68,113,8.67,4,2.57,"0"
"SD",415,3909986,108,0,240.2,230.3,217,5.2,2,0,0,78,40.83,109,19.58,83,9.76,1,1.4,"0"
"SC",415,3949825,159,23,153.6,216.9,161.3,12.6,2,0,1,93,26.11,88,18.44,91,7.26,3,3.4,"0"
"OK",415,3748329,154,0,145.9,208.2,180.9,14.4,0,1,0,69,24.8,141,17.7,106,8.14,10,3.89,"1"
"KS",415,3638424,57,37,201.2,280.1,154.2,11.8,1,0,1,76,34.2,122,23.81,110,6.94,1,3.19,"0"
"IA",510,3282647,81,0,203.5,289.6,212.9,8.7,3,0,0,89,34.6,69,24.62,71,9.58,3,2.35,"0"
"NE",408,3996852,86,0,83.8,240.2,158.6,6.7,1,0,0,121,14.25,96,20.42,108,7.14,8,1.81,"0"
"MS",415,3442260,121,21,126.3,209.6,192.5,10.6,1,0,1,84,21.47,102,17.82,129,8.66,2,2.86,"0"
"WI",415,3946505,105,34,218.5,196.7,151.1,9.9,2,0,1,61,37.15,74,16.72,103,6.8,4,2.67,"0"
"MT",415,4193612,51,26,236.8,263.4,181.1,11.2,1,0,1,61,40.26,97,22.39,91,8.15,8,3.02,"0"
"ND",415,3981759,56,0,222.7,277,101.8,13.6,4,0,0,133,37.86,89,23.55,94,4.58,4,3.67,"0"
"KS",408,3797215,94,0,269.2,193.8,257.6,8.9,3,0,0,104,45.76,144,16.47,61,11.59,2,2.4,"1"
"VA",415,3307486,67,0,138.9,208.9,232.4,9.2,2,0,0,65,23.61,109,17.76,82,10.46,3,2.48,"0"
"NJ",415,3976425,113,0,186,237.4,148.1,12.2,1,0,0,55,31.62,105,20.18,83,6.66,6,3.29,"0"
"DC",408,4065023,93,0,164.5,230.9,149.9,9.9,4,0,0,95,27.97,87,19.63,91,6.75,3,2.67,"0"
"RI",415,3878201,75,0,190.5,178.4,162.4,13.1,1,0,0,91,32.39,75,15.16,113,7.31,5,3.54,"0"
"PA",415,3829138,65,23,224.2,189.6,222.8,9.8,0,0,1,106,38.11,100,16.12,75,10.03,4,2.65,"0"
"WY",408,3483581,146,0,109,265.8,228.3,12.6,1,0,0,69,18.53,98,22.59,80,10.27,2,3.4,"0"
"ND",415,4052831,48,0,210.8,189.6,157.6,16.4,2,0,0,84,35.84,98,16.12,99,7.09,3,4.43,"0"
"WA",408,4164464,106,0,193.6,238.2,176.4,12.9,0,0,0,66,32.91,82,20.25,107,7.94,3,3.48,"0"
"MD",510,3671024,29,0,195.6,126.4,148.6,14.2,1,0,0,71,33.25,74,10.74,87,6.69,4,3.83,"0"
"KS",415,3819367,43,0,27,160.9,279.5,10.7,3,0,0,117,4.59,97,13.68,96,12.58,3,2.89,"0"
"NM",415,3347618,93,0,239.8,251.8,168.6,10.9,1,0,0,70,40.77,99,21.4,112,7.59,10,2.94,"0"
"IA",415,3416743,120,33,299.5,163.4,146.7,11.6,0,0,1,83,50.92,84,13.89,88,6.6,5,3.13,"0"
"NV",408,3514025,94,0,89.5,339.9,172.9,7.9,1,1,0,94,15.22,106,28.89,76,7.78,1,2.13,"1"
"MO",415,3475063,160,0,171.2,243.5,178.2,13,2,0,0,103,29.1,121,20.7,92,8.02,3,3.51,"0"
"ND",510,3458433,166,0,197.9,251,138.3,11.2,2,0,0,89,33.64,113,21.34,85,6.22,2,3.02,"0"
"NV",510,3552293,41,0,182.1,211.5,207.4,6.8,1,0,0,89,30.96,104,17.98,124,9.33,1,1.84,"0"
"ND",510,3952626,160,0,121.8,89.3,150.7,10.3,1,0,0,97,20.71,97,7.59,92,6.78,5,2.78,"0"
"DC",510,3926647,157,29,219.2,206,192.4,15,1,0,1,102,37.26,109,17.51,117,8.66,5,4.05,"0"
"ID",510,3432465,170,37,178.1,242.8,243,13,0,0,1,130,30.28,103,20.64,93,10.93,4,3.51,"0"
"ID",415,4054606,92,31,172.3,266.2,228.2,11.8,1,0,1,116,29.29,91,22.63,90,10.27,5,3.19,"0"
"NM",415,3278495,41,0,232.1,327.1,226.5,10.9,3,0,0,74,39.46,88,27.8,119,10.19,2,2.94,"1"
"UT",510,3703032,91,0,123.8,319,237.6,7.3,2,0,0,107,21.05,125,27.12,78,10.69,4,1.97,"0"
"MS",510,3583691,43,0,159.5,119.7,173.9,6.8,2,0,0,99,27.12,149,10.17,126,7.83,3,1.84,"0"
"TX",415,4062242,98,0,217.2,303.4,197.1,12.4,0,0,0,121,36.92,73,25.79,71,8.87,2,3.35,"1"
"WV",415,3961106,94,28,92.7,127.8,225.6,9.9,3,0,1,107,15.76,86,10.86,86,10.15,4,2.67,"0"
"SC",408,4176906,41,0,237.8,223.5,217.4,10.2,2,0,0,92,40.43,155,19,90,9.78,6,2.75,"0"
"WA",510,3465287,89,0,137.9,192.6,255.7,11,1,0,0,96,23.44,63,16.37,125,11.51,5,2.97,"0"
"RI",408,3705042,117,13,207.6,152.7,232.8,9.7,1,0,1,65,35.29,77,12.98,95,10.48,3,2.62,"0"
"NV",415,3643286,88,0,166.7,179.3,242.7,6.8,4,0,0,61,28.34,88,15.24,131,10.92,7,1.84,"1"
"CT",408,3547077,152,20,239.1,209.1,268.2,13.3,5,0,1,105,40.65,111,17.77,130,12.07,3,3.59,"0"
"FL",408,4156601,85,33,207.9,233.5,221.3,13.5,1,0,1,95,35.34,88,19.85,92,9.96,3,3.65,"0"
"NC",415,3637802,210,31,313.8,147.7,192.7,10.1,3,0,1,87,53.35,103,12.55,97,8.67,7,2.73,"0"
"GA",408,3946382,18,0,197,203.7,202,8.7,3,0,0,97,33.49,107,17.31,105,9.09,3,2.35,"0"
"GA",510,3408245,74,31,249.4,209.5,180.6,9.9,4,0,1,70,42.4,59,17.81,75,8.13,2,2.67,"0"
"NV",415,3764540,105,0,228.4,145.1,245.3,7.7,0,1,0,100,38.83,108,12.33,140,11.04,7,2.08,"0"
"DC",415,4219846,217,0,123.7,248.5,269.6,13.3,0,0,0,138,21.03,105,21.12,78,12.13,4,3.59,"0"
"MS",415,4208953,38,25,142.4,313.7,126.6,13.4,2,0,1,106,24.21,109,26.66,117,5.7,6,3.62,"0"
"NC",415,3764035,107,38,204.2,205.9,286.5,8.3,0,0,1,57,34.71,92,17.5,80,12.89,4,2.24,"0"
"NE",415,3616814,34,0,193.7,126.9,221.2,8.8,0,0,0,74,32.93,84,10.79,166,9.95,4,2.38,"0"
"MS",415,3367155,98,23,245.5,292.7,184,10.8,1,1,1,54,41.74,83,24.88,90,8.28,7,2.92,"0"
"VA",415,3577064,121,0,134.1,195.1,159.6,10.5,2,0,0,112,22.8,104,16.58,139,7.18,2,2.84,"0"
"MN",415,3278732,100,27,221.7,236.1,192.7,8,0,0,1,100,37.69,70,20.07,91,8.67,4,2.16,"0"
"OK",415,4184658,93,32,116.9,232.4,127.7,11,0,0,1,120,19.87,97,19.75,112,5.75,9,2.97,"0"
"IL",415,3978051,71,0,207,173.8,178.4,12.1,1,0,0,112,35.19,96,14.77,61,8.03,3,3.27,"0"
"UT",510,4136346,4,0,145.3,303.8,206.1,8.9,0,1,0,89,24.7,93,25.82,82,9.27,4,2.4,"0"
"MD",415,3483338,160,0,256,187.4,119.1,11.5,3,0,0,111,43.52,61,15.93,81,5.36,4,3.11,"0"
"AR",408,3393636,153,0,154.6,263,367.7,15.5,1,0,0,56,26.28,84,22.36,89,16.55,2,4.19,"0"
"AL",415,3504367,137,0,104.7,249.8,192.3,8.9,1,0,0,115,17.8,144,21.23,99,8.65,2,2.4,"0"
"MN",510,3716284,124,0,157.8,203.2,168.7,10,3,1,0,71,26.83,114,17.27,82,7.59,2,2.7,"1"
"NY",415,4039468,122,37,163,312.8,200,11.6,1,0,1,107,27.71,118,26.59,85,9,5,3.13,"0"
"CA",415,3413270,95,0,183.4,281.3,105.2,8.2,1,0,0,98,31.18,95,23.91,113,4.73,8,2.21,"0"
"ND",408,4193427,118,0,224.6,225.9,269,12.5,2,0,0,94,38.18,120,19.2,105,12.11,8,3.38,"0"
"FL",415,3582490,105,0,273.8,289.7,269.1,5.8,2,0,0,97,46.55,106,24.62,126,12.11,3,1.57,"1"
"WI",510,3493112,153,0,159.5,275.5,176.7,10.1,1,0,0,103,27.12,90,23.42,126,7.95,2,2.73,"1"
"KY",415,4145422,71,0,104,197,110.1,14.6,0,0,0,92,17.68,125,16.75,123,4.95,8,3.94,"0"
"VT",415,4084911,116,0,129.4,157.3,215.5,13.3,0,0,0,84,22,89,13.37,77,9.7,3,3.59,"0"
"CT",415,3874064,54,33,161.8,273,153.9,13.7,0,0,1,73,27.51,58,23.21,76,6.93,4,3.7,"0"
"VA",408,3805667,112,29,198.8,238.6,289.5,11.5,1,0,1,122,33.8,114,20.28,69,13.03,5,3.11,"0"
"AK",415,3366533,74,0,262.3,198.9,165.9,6.6,3,0,0,114,44.59,96,16.91,90,7.47,5,1.78,"0"
"NC",510,4042871,85,0,183.4,168.8,199.7,9.9,4,0,0,111,31.18,98,14.35,97,8.99,4,2.67,"0"
"RI",510,3572294,83,0,259.7,152.7,224.7,10.2,0,0,0,106,44.15,116,12.98,92,10.11,2,2.75,"0"
"OR",510,3966462,112,0,206.2,164.5,140.3,12.6,3,0,0,122,35.05,94,13.98,101,6.31,7,3.4,"0"
"NE",415,3465349,139,25,138.3,80.6,163.7,8.3,0,0,1,96,23.51,79,6.85,83,7.37,8,2.24,"0"
"CO",510,4104613,128,0,199.3,194.8,298.2,14.3,4,0,0,86,33.88,102,16.56,82,13.42,2,3.86,"0"
"NJ",510,3529836,59,0,195,198.5,304.3,14.8,0,0,0,58,33.15,88,16.87,110,13.69,9,4,"0"
"AK",415,3491756,115,0,210.6,153.1,262.2,11,0,0,0,120,35.8,84,13.01,79,11.8,5,2.97,"0"
"CO",415,3799524,132,0,197.8,133.9,177.3,10.9,4,0,0,66,33.63,119,11.38,94,7.98,3,2.94,"1"
"KY",408,3529947,38,36,115.4,166.2,184.7,15.2,2,0,1,98,19.62,83,14.13,79,8.31,6,4.1,"0"
"SC",408,3361043,1,0,123.8,236.2,73.2,3.7,0,0,0,113,21.05,77,20.08,81,3.29,2,1,"0"
"ID",415,3504297,83,0,159.3,202.3,229,9.5,2,0,0,104,27.08,98,17.2,73,10.31,3,2.57,"0"
"KY",415,3303008,80,0,220,207.7,168.4,12.1,2,0,0,114,37.4,76,17.65,137,7.58,3,3.27,"0"
"NM",510,4058753,63,0,207.6,229,162.6,13.3,1,0,0,96,35.29,112,19.47,131,7.32,2,3.59,"0"
"AL",408,3849243,125,0,169.3,156,210.8,11.6,2,0,0,90,28.78,138,13.26,106,9.49,6,3.13,"0"
"NY",510,3387955,137,0,109.8,230.5,255.8,11.9,1,0,0,120,18.67,86,19.59,103,11.51,6,3.21,"0"
"WY",408,3843902,78,0,220,179.9,188.2,11.5,0,0,0,95,37.4,121,15.29,109,8.47,5,3.11,"0"
"NE",415,3862759,92,0,181.4,164.5,171,10.9,2,0,0,98,30.84,98,13.98,110,7.69,4,2.94,"0"
"IN",415,3547201,88,0,183.5,170.5,193.8,8.3,3,0,0,93,31.2,80,14.49,88,8.72,5,2.24,"0"
"OH",415,3298056,95,23,160.3,202.4,191.1,7.4,0,0,1,87,27.25,101,17.2,122,8.6,3,2,"0"
"IN",415,4154564,129,0,137.8,225.8,145.2,10.2,1,0,0,120,23.43,110,19.19,95,6.53,6,2.75,"1"
"TX",510,3843904,80,22,196.4,150.3,176.2,9.3,0,0,1,115,33.39,109,12.78,75,7.93,1,2.51,"0"
"AK",408,3731028,1,0,175.2,151.7,230.5,5.3,1,0,0,74,29.78,79,12.89,109,10.37,3,1.43,"0"
"TN",415,4153016,123,34,305.2,156.5,280,13.2,1,0,1,80,51.88,109,13.3,81,12.6,7,3.56,"0"
"UT",415,3372348,121,41,215.5,241.8,147,9.6,1,0,1,95,36.64,92,20.55,108,6.61,3,2.59,"0"
"IN",415,3842219,168,0,183.2,179.2,292.8,9.9,2,0,0,131,31.14,73,15.23,100,13.18,5,2.67,"0"
"NM",415,3476164,90,0,167.5,139.1,138.4,13,1,0,0,96,28.48,104,11.82,87,6.23,1,3.51,"0"
"VT",408,3318713,43,0,135.8,163.2,229.8,12.6,0,0,0,125,23.09,88,13.87,106,10.34,3,3.4,"0"
"UT",510,3413663,117,20,205.7,136.1,159.4,8.7,2,0,1,98,34.97,107,11.57,147,7.17,3,2.35,"0"
"AZ",408,3708262,62,42,137.3,184.2,231.4,10.2,0,0,1,95,23.34,94,15.66,70,10.41,3,2.75,"0"
"VA",408,3564146,44,0,204.6,205.2,164.6,10.7,0,0,0,117,34.78,94,17.44,84,7.41,5,2.89,"0"
"LA",415,3708023,53,0,145.1,233.7,208.7,7.9,2,0,0,116,24.67,82,19.86,95,9.39,5,2.13,"0"
"NJ",510,3446258,88,0,144.3,156.4,214.7,7.8,3,0,0,116,24.53,74,13.29,90,9.66,10,2.11,"0"
"CO",408,3729091,81,0,115.3,224.7,152.5,18,1,0,0,99,19.6,117,19.1,98,6.86,2,4.86,"0"
"NC",415,3968662,122,0,215.6,167.8,207,6.4,3,0,0,86,36.65,59,14.26,67,9.32,8,1.73,"0"
"PA",510,4146739,141,0,146.5,169.9,238.8,8.2,0,0,0,121,24.91,125,14.44,112,10.75,5,2.21,"0"
"MT",408,3538970,49,0,236.6,220.9,146.8,8.9,1,0,0,91,40.22,146,18.78,114,6.61,2,2.4,"0"
"VT",408,4105370,67,0,260.4,208.2,207.9,10,6,0,0,107,44.27,104,17.7,115,9.36,2,2.7,"0"
"CO",415,4044421,107,0,167.3,163.9,185.9,6.7,2,0,0,100,28.44,79,13.93,100,8.37,5,1.81,"0"
"WA",510,4222571,118,0,113,150.1,204.3,10.8,2,0,0,80,19.21,87,12.76,115,9.19,4,2.92,"0"
"DC",510,4066669,115,29,222.6,190.3,201.2,11.5,1,0,1,81,37.84,109,16.18,87,9.05,2,3.11,"0"
"IL",510,3991750,183,0,108.3,183.6,176.6,13.5,0,0,0,87,18.41,116,15.61,109,7.95,2,3.65,"0"
"KY",415,4092983,58,0,247.2,303.7,105.4,9.3,2,0,0,116,42.02,103,25.81,94,4.74,2,2.51,"1"
"ME",415,3698576,57,33,193.4,231.6,226.2,11.1,2,0,1,105,32.88,79,19.69,90,10.18,11,3,"0"
"NY",415,3296731,123,0,123.2,190,170.3,12.9,4,0,0,104,20.94,117,16.15,95,7.66,5,3.48,"1"
"GA",510,4127791,64,0,216.9,211,179.8,11.4,3,0,0,78,36.87,115,17.94,116,8.09,5,3.08,"0"
"NJ",510,3686111,96,0,150,218.5,212.4,9.8,3,0,0,122,25.5,116,18.57,89,9.56,1,2.65,"0"
"MN",415,4019420,53,0,164.1,206,194.7,11.4,1,0,0,106,27.9,56,17.51,124,8.76,2,3.08,"0"
"ME",510,3525750,105,0,212,226.6,193.6,8.9,3,0,0,113,36.04,128,19.26,114,8.71,7,2.4,"0"
"NE",510,4099494,129,30,177.3,211.8,240.2,9.3,3,0,1,95,30.14,102,18,108,10.81,7,2.51,"0"
"AL",408,3374600,25,0,264.9,281.2,166.1,8.4,1,0,0,80,45.03,66,23.9,80,7.47,4,2.27,"1"
"DC",408,3555922,73,0,122,138.3,224.2,5.8,1,0,0,92,20.74,114,11.76,128,10.09,5,1.57,"0"
"DE",510,3547397,97,0,225.1,279.5,233.8,8.8,0,0,0,90,38.27,127,23.76,103,10.52,4,2.38,"1"
"MD",415,4092412,106,0,208.3,169.4,102,15.9,3,0,0,89,35.41,67,14.4,90,4.59,4,4.29,"0"
"NE",415,4007280,147,38,243.4,273.8,282.9,14.1,2,0,1,126,41.38,109,23.27,91,12.73,8,3.81,"0"
"IN",408,3476717,81,46,168.3,270.9,222.5,6.7,4,0,1,124,28.61,103,23.03,98,10.01,2,1.81,"0"
"UT",415,3802929,116,24,232.9,152.1,344.3,10.7,1,0,1,90,39.59,94,12.93,82,15.49,6,2.89,"0"
"LA",415,4207692,69,37,155,142.4,143.7,5.9,1,0,1,98,26.35,105,12.1,117,6.47,4,1.59,"0"
"WV",415,3813735,100,0,166,236.1,134.3,10.9,1,0,0,102,28.22,97,20.07,93,6.04,4,2.94,"0"
"OR",415,4098453,165,33,111.6,213.3,267.6,16,0,0,1,140,18.97,111,18.13,115,12.04,3,4.32,"0"
"SD",415,3956758,64,0,174.5,180.2,179,10.7,2,0,0,98,29.67,103,15.32,89,8.06,2,2.89,"0"
"MO",415,4068665,84,35,207.5,201,164.5,7.5,4,0,1,138,35.28,116,17.09,107,7.4,16,2.03,"0"
"NH",415,4023370,141,32,322.4,283.2,209.5,6.7,1,0,1,92,54.81,107,24.07,111,9.43,3,1.81,"1"
"RI",415,3711187,63,0,180.5,230,232.5,10.6,0,0,0,126,30.69,98,19.55,73,10.46,3,2.86,"0"
"SD",408,4062678,104,0,200.2,118.7,236.6,6,2,0,0,92,34.03,87,10.09,65,10.65,6,1.62,"0"
"MT",510,4159649,109,0,154.8,287.7,208.4,5.9,3,0,0,82,26.32,109,24.45,80,9.38,9,1.59,"0"
"AL",415,3678156,76,0,179.2,222.9,188.2,12.4,0,0,0,85,30.46,66,18.95,113,8.47,2,3.35,"0"
"KS",408,3828079,91,0,246.4,182,157.6,12.1,2,1,0,110,41.89,98,15.47,106,7.09,2,3.27,"1"
"SC",408,3736922,116,0,288,255.8,233.4,13.4,0,0,0,120,48.96,90,21.74,99,10.5,4,3.62,"1"
"OK",408,3676136,155,30,61.6,255.1,225.9,12.4,1,0,1,103,10.47,110,21.68,96,10.17,5,3.35,"0"
"VA",415,3822182,50,0,99.6,308.7,161.2,13.7,2,1,0,108,16.93,102,26.24,62,7.25,6,3.7,"1"
"WY",510,3922733,116,12,221,151,179,9,2,0,1,108,37.57,118,12.84,80,8.06,6,2.43,"0"
"ND",415,3691929,180,0,224.9,250,216.1,6.7,3,0,0,105,38.23,101,21.25,73,9.72,5,1.81,"1"
"DC",510,3545058,55,0,106.1,123.5,96.4,12.9,0,1,0,77,18.04,100,10.5,92,4.34,3,3.48,"0"
"IL",408,4052209,138,0,268.4,174.4,193.5,11.6,1,1,0,81,45.63,115,14.82,96,8.71,4,3.13,"0"
"UT",510,3973939,164,0,192.1,249.8,132.6,7.3,3,0,0,95,32.66,94,21.23,100,5.97,3,1.97,"0"
"MA",415,3817003,145,0,175.8,274.3,226.6,12.4,1,0,0,89,29.89,119,23.32,69,10.2,4,3.35,"0"
"HI",415,4005511,101,0,253.2,237.9,154.3,9.7,4,0,0,89,43.04,114,20.22,85,6.94,7,2.62,"0"
"WV",415,3817597,125,0,206,198.1,135.9,13.2,0,0,0,128,35.02,71,16.84,116,6.12,3,3.56,"0"
"WV",510,3289797,63,0,261.8,245,202.1,14.7,0,0,0,69,44.51,135,20.83,94,9.09,4,3.97,"1"
"NH",408,3692214,116,24,183.6,203.8,166.9,6,2,0,1,138,31.21,90,17.32,89,7.51,3,1.62,"0"
"MD",415,4111325,189,30,155.2,195.5,170.1,15.4,1,0,1,116,26.38,50,16.62,108,7.65,6,4.16,"0"
"ND",415,3421960,50,0,295.3,127.4,166.8,9.6,1,0,0,127,50.2,100,10.83,105,7.51,6,2.59,"0"
"PA",415,4092917,92,0,255.8,142.7,181.2,11.7,0,1,0,125,43.49,111,12.13,101,8.15,3,3.16,"0"
"MI",408,3696308,86,0,148.2,285.1,166.4,6.2,2,0,0,71,25.19,91,24.23,155,7.49,3,1.67,"0"
"WY",415,3577385,122,0,119.3,223.9,211.9,8.7,2,0,0,93,20.28,103,19.03,122,9.54,4,2.35,"0"
"OK",510,4031128,127,27,2.6,254,242.7,9.2,3,0,1,113,0.44,102,21.59,156,10.92,5,2.48,"0"
"DE",415,3549068,90,0,198.5,266.6,243.3,8,2,0,0,124,33.75,100,22.66,80,10.95,7,2.16,"0"
"MD",408,3764292,147,0,274,231.8,283.6,6.2,0,0,0,92,46.58,82,19.7,83,12.76,1,1.67,"1"
"KS",510,4006454,186,0,137.8,187.7,146.4,8.7,1,0,0,97,23.43,118,15.95,85,6.59,6,2.35,"0"
"DC",408,3279957,80,0,51.5,164,169.4,9.5,3,0,0,90,8.76,98,13.94,80,7.62,4,2.57,"0"
"NV",408,4192369,121,44,116,150.1,246.8,12,1,0,1,85,19.72,120,12.76,98,11.11,2,3.24,"0"
"NE",510,3627951,67,31,175.2,199.2,219.8,13.2,1,0,1,68,29.78,73,16.93,99,9.89,6,3.56,"0"
"VT",415,3966390,68,0,158.8,211.8,198.1,10.3,1,0,0,119,27,105,18,101,8.91,3,2.78,"0"
"MN",510,3995291,38,0,175.7,211.8,137.9,9.2,5,0,0,109,29.87,97,18,109,6.21,3,2.48,"1"
"MS",415,3585721,78,0,87.7,214.8,201.3,10.8,1,0,0,74,14.91,58,18.26,147,9.06,6,2.92,"0"
"NC",415,3475113,129,0,54.7,256.1,176.6,11.1,1,0,0,131,9.3,105,21.77,135,7.95,4,3,"0"
"MI",510,4111261,76,0,90.5,211.7,194.9,9.3,1,0,0,142,15.39,75,17.99,76,8.77,2,2.51,"0"
"NY",415,3896081,104,0,264,132.2,177.7,10.6,3,0,0,108,44.88,75,11.24,91,8,8,2.86,"0"
"SD",415,3863823,114,25,129,290,177.1,11.6,1,0,1,77,21.93,110,24.65,110,7.97,5,3.13,"0"
"CO",408,3646445,156,0,150.5,152.9,215.9,3.5,1,0,0,106,25.59,112,13,86,9.72,3,0.95,"0"
"RI",415,3775441,120,23,221.9,254.7,250.5,7.2,2,0,1,114,37.72,84,21.65,117,11.27,5,1.94,"0"
"WY",415,3912159,159,0,167.4,143.8,140.1,10.3,0,0,0,68,28.46,74,12.22,111,6.3,3,2.78,"1"
"VA",510,3524401,99,0,128.3,215.3,143.7,14.3,2,0,0,78,21.81,120,18.3,140,6.47,9,3.86,"0"
"SD",510,3471473,131,0,187.9,200.5,202.6,10.2,2,0,0,110,31.94,101,17.04,125,9.12,11,2.75,"0"
"AL",510,3472016,89,0,129.2,214.1,214.9,10.3,5,0,0,71,21.96,68,18.2,100,9.67,4,2.78,"1"
"AZ",510,3916260,100,0,78.7,225.6,150.4,14,0,0,0,98,13.38,102,19.18,106,6.77,8,3.78,"0"
"ID",415,3389952,119,32,173,209.4,231.1,12.2,0,1,1,101,29.41,93,17.8,91,10.4,4,3.29,"0"
"WY",415,3288808,109,0,137,217,182.1,10,2,0,0,128,23.29,116,18.45,86,8.19,5,2.7,"0"
"NY",408,3526084,160,0,216.8,207.3,228.6,5.6,1,0,0,77,36.86,117,17.62,117,10.29,2,1.51,"0"
"WV",415,4153158,87,0,58,67.5,185.9,11.5,0,0,0,125,9.86,116,5.74,136,8.37,3,3.11,"0"
"TX",415,3488464,121,0,86.1,259.8,148,9.1,2,0,0,100,14.64,113,22.08,79,6.66,9,2.46,"0"
"NJ",408,3371802,35,0,158.6,130.4,229.8,6.9,2,0,0,67,26.96,96,11.08,80,10.34,5,1.86,"0"
"OR",415,3597255,134,50,208.8,132.9,136.7,11.1,2,0,1,130,35.5,104,11.3,107,6.15,4,3,"0"
"CT",408,3477675,37,0,134.9,248.4,236.2,14.7,3,0,0,98,22.93,130,21.11,113,10.63,2,3.97,"0"
"CA",415,3834802,87,19,165.8,186.9,249.7,0,1,0,1,122,28.19,89,15.89,78,11.24,0,0,"0"
"NM",415,3631413,127,0,256.5,222.1,156.7,13,1,1,0,87,43.61,101,18.88,122,7.05,3,3.51,"0"
"CO",408,3868690,125,23,120.5,227.8,158.5,10.2,1,0,1,104,20.49,115,19.36,100,7.13,3,2.75,"0"
"SC",415,3404028,124,0,160.9,144.2,120.4,12.9,1,0,0,109,27.35,152,12.26,97,5.42,12,3.48,"0"
"AL",415,3417296,72,0,166.5,261,262.7,13.3,0,0,0,102,28.31,103,22.19,85,11.82,5,3.59,"0"
"NC",408,3843413,95,0,128.6,216.2,255.3,6.3,6,0,0,115,21.86,88,18.38,96,11.49,2,1.7,"1"
"NY",415,3673950,125,0,233.3,209.8,210.6,9.1,1,0,0,65,39.66,93,17.83,109,9.48,4,2.46,"0"
"OR",408,3533372,99,0,256.4,214.5,233.7,7.9,3,0,0,44,43.59,105,18.23,75,10.52,1,2.13,"1"
"WV",408,3769716,177,0,227.8,161.8,217,8,1,0,0,81,38.73,97,13.75,106,9.76,5,2.16,"0"
"CT",415,3602329,160,0,234.9,270.8,219.3,13.9,1,0,0,136,39.93,134,23.02,101,9.87,2,3.75,"1"
"ND",415,3298638,90,22,124.5,231.7,222.2,6.4,1,0,1,94,21.17,90,19.69,108,10,12,1.73,"0"
"KS",408,3852370,73,0,194.8,167.2,100.3,10.8,1,0,0,112,33.12,85,14.21,61,4.51,6,2.92,"0"
"VA",408,3484961,113,34,44.9,134.2,168.4,13.3,1,0,1,63,7.63,82,11.41,118,7.58,3,3.59,"0"
"FL",408,4175034,185,0,55.6,288.7,111.2,12.1,2,0,0,97,9.45,83,24.54,110,5,3,3.27,"0"
"CO",415,4207066,103,37,153.5,241.9,244.7,10.6,1,0,1,78,26.1,108,20.56,110,11.01,3,2.86,"0"
"UT",510,3779520,148,0,203,150.9,245.5,14.6,1,0,0,92,34.51,125,12.83,131,11.05,9,3.94,"0"
"NE",510,4228333,78,32,210.3,192.2,246.1,10.8,6,0,1,116,35.75,83,16.34,92,11.07,4,2.92,"0"
"ME",415,4055513,88,0,85.7,221.6,190.6,11.6,4,0,0,112,14.57,70,18.84,75,8.58,3,3.13,"1"
"VA",510,3392792,121,28,110,141.5,237.3,6.4,2,0,1,94,18.7,76,12.03,87,10.68,3,1.73,"0"
"MI",415,3824943,147,0,130.6,208.1,204.6,15.6,3,0,0,83,22.2,144,17.69,72,9.21,3,4.21,"0"
"MD",415,3645362,141,0,185.1,233,152.2,9.1,0,0,0,126,31.47,98,19.81,106,6.85,7,2.46,"0"
"CT",408,3448498,63,25,190,116.6,141.5,12.2,1,0,1,137,32.3,76,9.91,110,6.37,2,3.29,"0"
"WV",510,3866408,113,0,72.5,204,117.9,6.6,1,0,0,88,12.33,112,17.34,118,5.31,3,1.78,"0"
"MS",510,3473895,130,0,203.9,191.8,132.5,12.1,3,0,0,63,34.66,93,16.3,125,5.96,4,3.27,"0"
"WV",510,3483777,70,30,143.4,170,127.9,9.4,3,0,1,72,24.38,92,14.45,68,5.76,4,2.54,"0"
"MS",415,3402239,68,0,94.1,147.6,213.5,10.1,0,0,0,93,16,80,12.55,85,9.61,2,2.73,"0"
"MN",415,3829297,91,0,133.8,158.8,189.6,10.5,1,0,0,61,22.75,96,13.5,92,8.53,2,2.84,"0"
"GA",415,3712155,93,0,179.5,191.9,165.5,12,0,0,0,121,30.52,131,16.31,125,7.45,4,3.24,"0"
"MA",415,3417412,93,0,173,190.4,290,10.4,0,0,0,131,29.41,108,16.18,66,13.05,2,2.81,"0"
"DE",415,4158164,115,0,195.9,227,313.2,13.2,2,0,0,111,33.3,108,19.3,113,14.09,1,3.56,"0"
"AR",415,3857157,115,0,139.3,192.3,151,9.3,7,0,0,89,23.68,95,16.35,75,6.8,3,2.51,"1"
"WV",408,3658831,102,0,234.8,199.2,163.2,10,4,0,0,125,39.92,99,16.93,88,7.34,1,2.7,"0"
"MO",408,3622356,83,0,117.9,160.4,235.3,11.4,0,0,0,101,20.04,92,13.63,150,10.59,10,3.08,"0"
"GA",408,3888797,98,0,169.9,138.3,142.6,8.5,1,0,0,77,28.88,155,11.76,105,6.42,7,2.3,"0"
"TN",415,4004713,3,0,185,203.7,170.5,14.1,3,0,0,120,31.45,129,17.31,89,7.67,3,3.81,"0"
"MT",415,3414873,100,0,113.3,197.9,284.5,11.7,4,0,0,96,19.26,89,16.82,93,12.8,2,3.16,"1"
"AL",415,3544333,13,0,143.1,239.6,221.7,7.1,2,0,0,139,24.33,88,20.37,123,9.98,5,1.92,"0"
"NM",415,3395423,62,0,245.3,122.9,228.4,8.5,4,0,0,91,41.7,130,10.45,102,10.28,4,2.3,"0"
"NH",408,3667560,123,0,224,210.7,231.9,2.1,0,0,0,99,38.08,80,17.91,75,10.44,5,0.57,"0"
"ID",415,3322650,78,0,103.5,117.9,201,12,4,0,0,115,17.6,102,10.02,94,9.05,3,3.24,"1"
"NY",415,3866580,122,0,141.4,146.4,123,8.1,0,0,0,128,24.04,70,12.44,75,5.54,4,2.19,"0"
"ND",415,3964234,148,0,218.7,155.6,277.4,8.2,1,1,0,111,37.18,133,13.23,62,12.48,5,2.21,"0"
"WA",510,3456961,76,0,246.8,206.3,208.4,13.2,0,1,0,110,41.96,63,17.54,123,9.38,5,3.56,"1"
"DE",415,4169723,53,32,131.2,227.4,178.9,12.8,2,0,1,63,22.3,125,19.33,105,8.05,2,3.46,"0"
"WA",510,3404989,143,0,160.4,285.9,182.5,6.9,3,0,0,120,27.27,104,24.3,85,8.21,4,1.86,"0"
"WA",510,3623107,143,0,133.4,223.9,180.4,10.2,1,0,0,107,22.68,117,19.03,85,8.12,13,2.75,"0"
"KY",415,3775417,79,0,236.8,186.4,126.9,10.4,2,0,0,135,40.26,87,15.84,112,5.71,5,2.81,"0"
"TN",510,3446847,93,0,168.4,276,196.2,11.4,1,1,0,114,28.63,127,23.46,48,8.83,3,3.08,"0"
"WV",510,3936053,144,38,105,121.8,221.5,3.7,0,0,1,86,17.85,123,10.35,122,9.97,4,1,"0"
"OK",510,3659079,149,0,180.9,194.9,197.8,8.8,3,1,0,79,30.75,83,16.57,109,8.9,9,2.38,"0"
"WI",408,4015915,184,12,200.3,253.6,149.3,10.2,0,0,1,76,34.05,105,21.56,93,6.72,5,2.75,"0"
"UT",415,3493843,61,29,128.2,171.7,250.9,11.7,3,1,1,119,21.79,83,14.59,114,11.29,6,3.16,"0"
"IN",415,3709622,115,0,226.4,276.8,213.4,12.3,3,0,0,101,38.49,60,23.53,82,9.6,4,3.32,"1"
"AZ",408,3497282,97,25,141,212,175.2,4.9,3,0,1,101,23.97,85,18.02,138,7.88,2,1.32,"0"
"WA",510,3781884,121,0,255.1,266.9,197.7,8.8,3,0,0,93,43.37,97,22.69,118,8.9,3,2.38,"1"
"KS",415,3546810,127,24,154.8,177.2,207.6,9,1,0,1,69,26.32,105,15.06,102,9.34,4,2.43,"0"
"AR",408,3381400,115,0,268,153.6,232.3,17,3,0,0,115,45.56,106,13.06,65,10.45,1,4.59,"0"
"RI",415,4141537,89,24,97.8,207.2,214.5,5.9,0,0,1,98,16.63,67,17.61,126,9.65,2,1.59,"0"
"ID",415,4081913,82,0,266.9,229.7,251.7,11,3,0,0,83,45.37,74,19.52,99,11.33,6,2.97,"1"
"WV",510,3445766,117,0,198.4,249.5,162.8,10.5,1,1,0,121,33.73,104,21.21,115,7.33,5,2.84,"0"
"IN",408,3364960,65,0,207.7,217.5,125.6,8,1,0,0,109,35.31,117,18.49,111,5.65,5,2.16,"0"
"OK",415,3782397,134,0,164.9,126.5,238.5,10,2,0,0,115,28.03,96,10.75,125,10.73,9,2.7,"0"
"DC",415,4025076,99,31,244.1,203.4,234,7.7,3,0,1,71,41.5,58,17.29,115,10.53,4,2.08,"0"
"KS",415,4045840,170,42,199.5,135,184.6,10.9,4,0,1,119,33.92,90,11.48,49,8.31,3,2.94,"1"
"SC",415,3603126,78,0,109.5,286.1,247.6,4.9,1,0,0,105,18.62,90,24.32,113,11.14,9,1.32,"0"
"MI",510,3357324,119,22,172.1,223.6,150,13.9,1,1,1,119,29.26,133,19.01,94,6.75,20,3.75,"1"
"CT",510,3803186,74,0,203.8,205.1,154.9,9,1,0,0,77,34.65,111,17.43,109,6.97,2,2.43,"0"
"SC",415,4188969,111,21,127.1,228.3,166.7,7.1,1,0,1,94,21.61,116,19.41,108,7.5,3,1.92,"0"
"IN",415,4068445,58,22,224.1,238.8,174.2,11.5,2,0,1,127,38.1,85,20.3,86,7.84,7,3.11,"0"
"OK",415,3979928,52,0,124.9,300.5,192.5,11.6,2,0,0,131,21.23,118,25.54,106,8.66,4,3.13,"0"
"SC",415,3483830,79,0,134.7,189.7,221.4,11.8,2,0,0,98,22.9,68,16.12,128,9.96,5,3.19,"0"
"RI",510,3288230,28,0,180.8,288.8,191.9,14.1,2,0,0,109,30.74,58,24.55,91,8.64,6,3.81,"0"
